Sl No,Bus Stop Name,New Km,Sem Fees,Route,R.No
1,3rd MILE,52,10250,COLLEGE TO KARAVALLI,11
2,4 TH MAIL,26,7750,COLLEGE TO 4 TH MAIL,33
3,A.T.C ,29,7750,              COLLEGE TO S.P.PUTHUR,36
4,AANAIKKALPATTI,8,4500,COLLEGE to KARUR,25
5,AANAIKKALPATTY,11,5500,"COLLEGE TO MELUR, KIDARAM",39
6,AANAIPATTI,26,7750,COLLEGE TO KURUVAMPATTI,13
7,AANAIPPATTI SILVAN CHEMICAL,26,7750,COLLEGE TO SOUTH SITHAMPUR,22
8,AATHUPALAYAM,54,10250,COLLEGE TO KANDHAMPALAYAM,4
9,AGRAHARAPATTI,46,9750,COLLEGE TO THIRUPPANJEELI,17
10,AILAPETTAI,50,9750,COLLEGE TO ETTARAI,15
11,AKILANDAPURAM,56,10500,COLLEGE TO ANBIL,2
12,AKKIYAM PATTI,40,8750,COLLEGE TO CINNAKARAVALLI,12
13,ALAGARAI,18,6500,                   COLLEGE TO KOLAKUDI,48
14,ALAMPALAYAMPUTHUR,22,7500,COLLEGE TO KATTUPUTHUR,40
15,ALAMPATTI,20,6500,COLLEGE TO THOPUR,37
16,ALANKANATHAM,32,8250,COLLEGE TO PALAYAPALAYAM,30
17,ALANKANATHAM PIRIVU,33,8250,COLLEGE TO PALAYAPALAYAM,30
18,ALATHUDAIYAN PATTI,62,10750,COLLEGE TO PACHAPERUMALPATTI,6
19,ALLOOR,47,9750,COLLEGE TO SOMARASAMPETTAI,3
20,ALVAR HOSPITAL,20,6500,      COLLEGE TO MUSIRI NEW BUSSTAND,44
21,AMALA SCHOOL,20,6500,      COLLEGE TO MUSIRI NEW BUSSTAND,44
22,AMBAIPALAYAM,30,7750,COLLEGE TO VELAMPATTI,35
23,AMMAN KUDI,11,5500,                   COLLEGE TO KOLAKUDI,48
24,AMMANA PALLAM,47,9750,COLLEGE TO CINNAKARAVALLI,12
25,AMOOR,36,8750,COLLEGE TO THIRUPPANJEELI,17
26,AMOOR,41,9250,COLLEGE TO SOUTH SITHAMPUR,22
27,ANBIL,73,11250,COLLEGE TO ANBIL,2
28,ANBU NAGAR,33,8250,COLLEGE TO THIRUMALAI PATTI,14
29,ANDALUR GATE,59,10500,COLLEGE TO RASIPURAM,5
30,ANDAPURAM,19,6500,"COLLEGE TO MELUR, KIDARAM",39
31,ANDAVAR BUNK,28,7750,COLLEGE TO THIRUMALAI PATTI,14
32,ANDAVAR KOVIL,59,10500,COLLEGE TO MANAPARAI,7
33,ANDI PATTI 4 ROAD,43,9250,COLLEGE TO VALASIRAMANI,23
34,ANIYAPURAM,30,7750,COLLEGE TO KONDICHETTIPATTI,31
35,ANJALAM,28,7750,COLLEGE TO VALASIRAMANI,23
36,ANNA COLLEGE (VADUGAPATTI),24,7500,COLLEGE TO SOUTH SITHAMPUR,22
37,ANNA NAGAR,32,8250,COLLEGE TO SEVEYAMPALAYAM,27
38,ANNA NAGAR P.V.THALAI,32,8250,COLLEGE TO ETTARAI,15
39,ANNA VALAIVU,79,11500,COLLEGE TO BHEL,1
40,APPANALLUR,12,5500,                   COLLEGE TO KOLAKUDI,48
41,APPANALLUR G.H,14,5500,COLLEGE TO PAPPAPATTI,47
42,ARAICHI,42,9250,COLLEGE TO ARAICHI,20
43,ARANGOOR,9,4500,COLLEGE TO ARANGOOR,50
44,ARAPPALIPATTI,30,7750,COLLEGE TO PANJAPPATTI,29
45,ARASALUR,6,4500,COLLEGE TO KATTUPUTHUR,40
46,ARASANATHAM,22,7500,COLLEGE TO THOPUR,37
47,ARASU,49,9750,COLLEGE TO PANJAPPATTI,29
48,ARAVINTH COLLEGE,12,5500,COLLEGE TO THOPUR,37
49,ARUR,18,6500,COLLEGE TO THOPUR,37
50,ARUR PUTHUR,18,6500,COLLEGE TO THOPUR,37
51,ARUVANKATTUR,34,8250,COLLEGE TO PALAPATTI,24
52,ATHANI,54,10250,COLLEGE TO MANACHANALLUR,9
53,ATHUKUTTIPALAM,48,9750,COLLEGE TO KARAVALLI,11
54,AYYAMPALAYAM,29,7750,COLLEGE TO MANACHANALLUR,9
55,AYYAPPAN KOVIL,38,8750,COLLEGE TO KONDICHETTIPATTI,31
56,AYYATHU PALAM,44,9250,COLLEGE TO SOUTH SITHAMPUR,22
57,BALAPURAM,13,5500,"COLLEGE TO MELUR, KIDARAM",39
58,BALASAMUTHURAM,4,3500,COLLEGE TO ARANGOOR,50
59,BELUKURICHI,57,10500,COLLEGE TO BELUKURICHI,10
60,BHARATHI NAGAR,20,6500,COLLEGE TO 4 TH MAIL,33
61,BHARATHI PURAM,6,4500,COLLEGE TO THOPUR,37
62,BHARATHI PURAM MEDU,6,4500,COLLEGE TO THOPUR,37
63,BHEL,78,11500,COLLEGE TO BHEL,1
64,BODINAICKAN PATTI,34,8250,COLLEGE TO PALAYAPALAYAM,30
65,BOMMAI KUTTAI MEDU,42,9250,COLLEGE TO RASIPURAM,5
66,BOTHA METTUPATTI,61,10750,COLLEGE TO MANAPARAI,7
67,BOTHARATHAMPATTI,50,9750,COLLEGE TO PANJAPPATTI,29
68,BUNK,48,9750,COLLEGE TO PANJAPPATTI,29
69,BUTHAN SANDHAI,47,9750,COLLEGE TO THIRUMALAI PATTI,14
70,CEMENT FACTORY,28,7750,COLLEGE to KARUR,25
71,CENTRAL BUS STAND,62,10750,COLLEGE TO SOMARASAMPETTAI,3
72,CETTINADU COLLEGE,30,7750,COLLEGE to KARUR,25
73,CHANDRAGIRI,22,7500,COLLEGE TO PALAPATTI,24
74,CHATHIRAM,55,10250,COLLEGE TO BHEL,1
75,CHATHIRAM (40),10,4500,COLLEGE TO KATTUPUTHUR,40
76,CHATHIRAM (VELLOOR),28,7750,COLLEGE TO THIRUPPANJEELI,17
77,CHECK POST,62,10750,COLLEGE TO BHEL,1
78,CHINNA KODUNDURAI,35,8250,COLLEGE TO SOUTH SITHAMPUR,22
79,CHINNAPETHAMPATTI,26,7750,COLLEGE TO KONDICHETTIPATTI,31
80,CHINNAREDDIPATTI,52,10250,COLLEGE TO MANAPARAI,7
81,CINNA KARAVALLI,55,10250,COLLEGE TO CINNAKARAVALLI,12
82,CINNA VEPPANAM,25,7500,              COLLEGE TO S.P.PUTHUR,36
83,CMS COLLEGE,39,8750,COLLEGE TO KANDHAMPALAYAM,4
84,COLLCTOR OFFICE,35,8250,COLLEGE TO KANDHAMPALAYAM,4
85,COURT KULITHALAI,21,7500,COLLEGE TO INUNGUR,26
86,DCTC (Kulithalai),20,6500,COLLEGE TO LALAPET,41
87,DESIYAMPATTI,40,8750,COLLEGE TO PANJAPPATTI,29
88,DEVANUR,36,8750,COLLEGE TO METTUPALAYAM,16
89,DEVANUR PUTHUR,38,8750,COLLEGE TO METTUPALAYAM,16
90,DEVARAYAPURAM,20,6500,COLLEGE TO VELAMPATTI,35
91,DEVASTHANAM,33,8250,COLLEGE TO INUNGUR,26
92,DHESIYAMANGALAM,39,8750,COLLEGE TO THOGAIMALAI,21
93,E.B. COLONY,31,8250,              COLLEGE TO S.P.PUTHUR,36
94,E.PUTTUPATTI,42,9250,COLLEGE TO NACHALUR,19
95,E.PUTTUPATTI COLONY,41,9250,COLLEGE TO NACHALUR,19
96,EARIKARAI,45,9250,COLLEGE TO THIRUPPANJEELI,17
97,ELAAI MEDU,15,5500,"COLLEGE TO MELUR, KIDARAM",39
98,ELANAGAR,47,9750,COLLEGE TO KANDHAMPALAYAM,4
99,ELLAKKAL MEDU,11,5500,COLLEGE TO PALAYAPALAYAM,30
100,ELURPATTI,2,3500,COLLEGE to KARUR,25
101,ERAGUDI,53,10250,COLLEGE TO PACHAPERUMALPATTI,6
102,ERUMAPATTI BSNL OFFICE,19,6500,COLLEGE TO PALAYAPALAYAM,30
103,ERUMAPATTI IYAR MEDU,16,6500,   COLLEGE TO ERUMAPATTI,45
104,ERUMAPATTI KADAI VEETHI,17,6500,   COLLEGE TO ERUMAPATTI,45
105,ERUMAPATTI KAIKATTI,19,6500,   COLLEGE TO ERUMAPATTI,45
106,ERUMAPATTI UNION OFFICE,18,6500,   COLLEGE TO ERUMAPATTI,45
107,ERUNAPURAM,38,8750,COLLEGE TO KANDHAMPALAYAM,4
108,ETHUMALAI ROAD,57,10500,COLLEGE TO MANACHANALLUR,9
109,ETTARAI,54,10250,COLLEGE TO ETTARAI,15
110,ETTARAI PALAM,52,10250,COLLEGE TO ETTARAI,15
111,FOREST,32,8250,COLLEGE TO METTUPALAYAM,16
112,G.H.MUSIRI,20,6500,COLLEGE TO KURUVAMPATTI,13
113,GANDHI GRAMMAM,32,8250,COLLEGE to KARUR,25
114,GANDHI NAGAR,11,5500,"COLLEGE TO MELUR, KIDARAM",39
115,GANDHI SILAI,17,6500,COLLEGE TO MOHANUR,38
116,GANDHINAGAR,22,7500,COLLEGE TO KURUVAMPATTI,13
117,GANDHIPURAM,43,9250,COLLEGE TO CINNAKARAVALLI,12
118,GANESA PURAM,28,7750,"COLLEGE TO KANNANUR,THURAIYUR",28
119,GANESAPURAM 4 ROAD,34,8250,COLLEGE TO INUNGUR,26
120,GANESHAPURAM (Thiruppanjeeli),52,10250,COLLEGE TO THIRUPPANJEELI,17
121,GANESHAPURAM PRIVU,39,8750,COLLEGE TO NACHALUR,19
122,GEETHA NAGAR,66,11000,COLLEGE TO SOMARASAMPETTAI,3
123,GOMANGALAM,40,8750,COLLEGE TO KURUVAMPATTI,13
124,GOPAL KADAI,47,9750,COLLEGE TO BELUKURICHI,10
125,GOUNDAMPATTI OTHAKADAI,46,9750,COLLEGE TO ETTARAI,15
126,GOWTHARASA NALLUR,7,4500,COLLEGE TO ARANGOOR,50
127,GUNASEELAM,38,8750,COLLEGE TO THIRUPPANJEELI,17
128,GUNDUMANI PAATTI,4,3500,COLLEGE TO VELAMPATTI,35
129,ICHICKUTTAI,49,9750,COLLEGE TO KARAVALLI,11
130,INUNGUR,40,8750,COLLEGE TO INUNGUR,26
131,INUNGUR COLONY,39,8750,COLLEGE TO INUNGUR,26
132,IRUMPUTHIPATTI,32,8250,COLLEGE TO IRUMPOOTHIPATTI,34
133,IRUPPUKOLLI,48,9750,COLLEGE TO PANJAPPATTI,29
134,IYERMALAI,29,7750,COLLEGE TO IRUMPOOTHIPATTI,34
135,JADAMANGALAM,41,9250,COLLEGE TO VALASIRAMANI,23
136,JEEYAPURAM,44,9250,COLLEGE TO SOMARASAMPETTAI,3
137,JEMUNATHAPURAM,31,8250,"COLLEGE TO KANNANUR,THURAIYUR",28
138,K.N.PATTI,47,9750,COLLEGE TO KARAVALLI,11
139,K.N.PATTI SANDHAI,48,9750,COLLEGE TO BELUKURICHI,10
140,K.PETTAI,22,7500,COLLEGE TO LALAPET,41
141,K.UDAYAPATTI,57,10500,COLLEGE TO MANAPARAI,7
142,KADAKKAL PUTHUR,25,7500,COLLEGE TO KONDICHETTIPATTI,31
143,KADAMBAR KOVIL,21,7500,COLLEGE TO ETTARAI,15
144,KADIYAKURICHI,45,9250,COLLEGE TO BHEL,1
145,KADIYAKURICHI GATE,45,9250,COLLEGE TO SOMARASAMPETTAI,3
146,KADUVATTI,16,6500,COLLEGE TO KATTUPUTHUR,40
147,KAILASA NAGAR,73,11250,COLLEGE TO BHEL,1
148,KAKAMPATTI,40,8750,COLLEGE TO NACHALUR,19
149,KALAIMAGAL SCHOOL,27,7750,COLLEGE TO PALAPATTI,24
150,KALAINGAR ARIVALAYAM,55,10250,COLLEGE TO SOMARASAMPETTAI,3
151,KALANGANI,46,9750,COLLEGE TO RASIPURAM,5
152,KALANGANI,49,9750,COLLEGE TO THIRUMALAI PATTI,14
153,KALATHU PATTY,55,10250,COLLEGE TO MANAPARAI,7
154,KALICHETTI PATTI ,27,7750,COLLEGE TO PALAYAPALAYAM,30
155,KALICHETTI PATTI PUTHUR,26,7750,COLLEGE TO PALAYAPALAYAM,30
156,KALINAYAKANUR,42,9250,COLLEGE TO KANDHAMPALAYAM,4
157,KALINGAPATTI,58,10500,COLLEGE TO MANAPARAI,7
158,KALLUPATTI,22,7500,COLLEGE TO NACHALUR,19
159,KALLURPATTI,6,4500,COLLEGE to KARUR,25
160,KALPARAI,35,8250,COLLEGE TO VALASIRAMANI,23
161,KALPARAI 4 ROAD,34,8250,COLLEGE TO VALASIRAMANI,23
162,KALTERI BUNK,56,10500,COLLEGE TO BELUKURICHI,10
163,KALUGUR,43,9250,COLLEGE TO THOGAIMALAI,21
164,KAMANAICKAN PALAYAM,33,8250,COLLEGE TO SOMARASAMPETTAI,3
165,KAMATCHIPATTI,27,7750,COLLEGE TO SOUTH SITHAMPUR,22
166,KAMPARASAMPETTAI,53,10250,COLLEGE TO BHEL,1
167,KAMPATHUR PATTI,24,7500,COLLEGE TO KONDICHETTIPATTI,31
168,KAMPLAI,33,8250,COLLEGE TO THIRUMALAI PATTI,14
169,KAMRAJAR MANDAPAM,23,7500,COLLEGE TO KATTUPUTHUR,40
170,KANAVAI PATTI,34,8250,COLLEGE TO KONDICHETTIPATTI,31
171,KANDHAMPALAYAM,69,11000,COLLEGE TO KANDHAMPALAYAM,4
172,KANGANIPATTI,25,7500,COLLEGE TO KONDICHETTIPATTI,31
173,KANNANUR,39,8750,"COLLEGE TO KANNANUR,THURAIYUR",28
174,KARATTU PATTI KAIKATI,6,4500,COLLEGE to KARUR,25
175,KARAVALLI,56,10500,COLLEGE TO KARAVALLI,11
176,KARIKALI,47,9750,COLLEGE TO METTUPALAYAM,16
177,KARIYAMANICKAM 1,41,9250,COLLEGE TO THIRUPPANJEELI,17
178,KARIYAMANICKAM 2,42,9250,COLLEGE TO THIRUPPANJEELI,17
179,KARTHIGAIPATTI,5,3500,COLLEGE TO KATTUPUTHUR,40
180,KARUKUDI,53,10250,COLLEGE TO KARUGUDI,32
181,KARUNGAL PALAYAM,40,8750,COLLEGE TO RASIPURAM,5
182,KARUNGAL THOTTAM,20,6500,"COLLEGE TO MELUR, KIDARAM",39
183,"KARUNGALAPPALLI,GUDALUR",26,7750,COLLEGE TO NACHALUR,19
184,KARUPPANNANMEDU,47,9750,COLLEGE TO NACHALUR,19
185,KARUPPATHUR,26,7750,COLLEGE TO LALAPET,41
186,KARUR,41,9250,COLLEGE to KARUR,25
187,KASTHURIPATTI,22,7500,COLLEGE TO VELAMPATTI,35
188,KATTALAI,25,7500,COLLEGE to KARUR,25
189,KATTIPALAYAM,49,9750,COLLEGE TO KANDHAMPALAYAM,4
190,KATTOOR,19,6500,   COLLEGE TO KODANGIPATTI,46
191,KATTUPUTHUR BUS STAND,20,6500,COLLEGE TO SRIRAMASAMUTHIRAM,43
192,KATTUR,17,6500,     COLLEGE TO MAHADHANAPURAM,42
193,KATTUR (1),72,11250,COLLEGE TO BHEL,1
194,KAVAKARAPATTI,13,5500,COLLEGE TO VELAMPATTI,35
195,KAVALKARAPALAYAM,34,8250,COLLEGE TO SOMARASAMPETTAI,3
196,KAVETTIPATTI,32,8250,COLLEGE TO  PANDAMANGALAM,8
197,KAVIERY FEEDS (36),22,7500,              COLLEGE TO S.P.PUTHUR,36
198,KEAL PARALI,22,7500,COLLEGE TO KONDICHETTIPATTI,31
199,KEEL NANGAVARAM,43,9250,COLLEGE TO ETTARAI,15
200,KEELA PANJAPATTI,47,9750,COLLEGE TO PANJAPPATTI,29
201,KEERAMBUR,38,8750,COLLEGE TO  PANDAMANGALAM,8
202,KELA KUTTAI,50,9750,COLLEGE TO THIRUMALAI PATTI,14
203,KELA PALAPATTI,43,9250,COLLEGE TO PALAPATTI,24
204,KELA VATHIYAM,21,7500,COLLEGE TO LALAPET,41
205,KELAKARAIKADU,7,4500,COLLEGE TO KATTUPUTHUR,40
206,"KIDARAM,KUNNAGALPALAYAM",26,7750,"COLLEGE TO MELUR, KIDARAM",39
207,KILANGU MILL,55,10250,COLLEGE TO BELUKURICHI,10
208,KILAVALADI,59,10500,COLLEGE TO ANBIL,2
209,KILIYANALLUR,42,9250,COLLEGE TO MANACHANALLUR,9
210,KIRAIYUR,31,8250,COLLEGE TO PALAPATTI,24
211,KIZHINCHANATHAM,11,5500,COLLEGE TO ARANGOOR,50
212,KMC,59,10500,COLLEGE TO SOMARASAMPETTAI,3
213,KODANGIPATTI,21,7500,   COLLEGE TO KODANGIPATTI,46
214,KODIYALAM,41,9250,COLLEGE TO BHEL,1
215,KODIYAMANGALAM,15,5500,COLLEGE TO IRUMPOOTHIPATTI,34
216,KOHINOOR THEATRE,56,10500,COLLEGE TO SOMARASAMPETTAI,3
217,KOLAGUDI PATTI,16,6500,                   COLLEGE TO KOLAKUDI,48
218,KOLAKKATTUPUTHUR,60,10500,COLLEGE TO  PANDAMANGALAM,8
219,KOLAKUDI,13,5500,                   COLLEGE TO KOLAKUDI,48
220,KOLAKUDI SCHOOL,14,5500,                   COLLEGE TO KOLAKUDI,48
221,KOLARAM,63,10750,COLLEGE TO KANDHAMPALAYAM,4
222,KOMARAGOUNDAM PUTHUR,38,8750,COLLEGE TO THIRUMALAI PATTI,14
223,KONDAMPATTI MEDU,36,8750,COLLEGE TO CINNAKARAVALLI,12
224,KONDAMPATTI PRIVU,40,8750,COLLEGE TO THIRUMALAI PATTI,14
225,KONDICHETTIPATTI,36,8750,COLLEGE TO KONDICHETTIPATTI,31
226,KONERI PATTI,66,11000,COLLEGE TO RASIPURAM,5
227,KONERIPATTI,50,9750,COLLEGE TO METTUPALAYAM,16
228,KONGUNADU SCHOOL,45,9250,COLLEGE TO KANDHAMPALAYAM,4
229,KONNAPPAMPTTY,39,8750,COLLEGE TO VALASIRAMANI,23
230,KONUR KANDHAPALYAM,40,8750,COLLEGE TO  PANDAMANGALAM,8
231,KOOLI PATTI,33,8250,COLLEGE TO SEVEYAMPALAYAM,27
232,KOONDRANGANPATTI,14,5500,COLLEGE TO KATTUPUTHUR,40
233,KOPPU PALAM,51,10250,COLLEGE TO ETTARAI,15
234,KOSAVAMPATTI,8,4500,              COLLEGE TO KOSAVAMPATTI,49
235,KOSAVAMPATTI (NKL),30,7750,COLLEGE TO SEVEYAMPALAYAM,27
236,KOTHAM PATTI,44,9250,"COLLEGE TO KANNANUR,THURAIYUR",28
237,KOTTA PATTY,54,10250,COLLEGE TO MANAPARAI,7
238,KOTTAMEDU,22,7500,COLLEGE TO IRUMPOOTHIPATTI,34
239,KOTTAYAR THOTTAM,35,8250,COLLEGE TO INUNGUR,26
240,KOTTUR,31,8250,COLLEGE TO THIRUPPANJEELI,17
241,KOTTUR,39,8750,COLLEGE TO SOUTH SITHAMPUR,22
242,KRISHNAPURAM,8,4500,COLLEGE TO PAPPAPATTI,47
243,KRISHNAPURAM(20),38,8750,COLLEGE TO ARAICHI,20
244,KRISHNARAYAPURAM,22,7500,     COLLEGE TO MAHADHANAPURAM,42
245,KUDIL,48,9750,COLLEGE TO THURAIYUR,18
246,KULATHUPALAYAM,13,5500,"COLLEGE TO MELUR, KIDARAM",39
247,KULITHALAI BUS STAND,21,7500,COLLEGE TO INUNGUR,26
248,KULITHALAI PERIYA PALAM,22,7500,COLLEGE TO INUNGUR,26
249,KULLAMPALAYAM,55,10250,COLLEGE TO KANDHAMPALAYAM,4
250,KULLAMPATTI,53,10250,COLLEGE TO PANJAPPATTI,29
251,KUMARAENDI PALAYAM,59,10500,COLLEGE TO KANDHAMPALAYAM,4
252,KUMARAMANGALAM  3 ROAD,29,7750,COLLEGE TO NACHALUR,19
253,KUMARIPALAYAM,26,7750,COLLEGE TO MOHANUR,38
254,KUNAKGOUNDAMPATTI,42,9250,COLLEGE TO THOGAIMALAI,21
255,KUPPACHIPATTI,34,8250,COLLEGE TO THOGAIMALAI,21
256,KUPPAMPALAYAM,23,7500,              COLLEGE TO S.P.PUTHUR,36
257,KUPPANAICKANOOR,43,9250,COLLEGE TO KARAVALLI,11
258,KUPUREDDIPATTI ,38,8750,COLLEGE TO NACHALUR,19
259,KURUVAM PATTI,45,9250,COLLEGE TO KURUVAMPATTI,13
260,KUTTAPATTI,23,7500,COLLEGE TO IRUMPOOTHIPATTI,34
261,LALAPET,28,7750,COLLEGE TO LALAPET,41
262,LALGUDI,65,10750,COLLEGE TO ANBIL,2
263,LATHTHUVADI,30,7750,COLLEGE TO KONDICHETTIPATTI,31
264,LIGHT HOUSE,39,8750,COLLEGE to KARUR,25
265,LRS PALAM,21,7500,COLLEGE TO LALAPET,41
266,M.KALATHUR,11,5500,COLLEGE TO SRIRAMASAMUTHIRAM,43
267,M.MANGALAM,7,4500,COLLEGE TO KARUGUDI,32
268,M.METTUPATTI,14,5500,COLLEGE TO THOPUR,37
269,M.N.PATTI,9,4500,COLLEGE TO SRIRAMASAMUTHIRAM,43
270,M.PUTHUR,11,5500,COLLEGE TO KATTUPUTHUR,40
271,MAANPIDIMANGALAM,48,9750,COLLEGE TO ANBIL,2
272,MADHA KOVIL   GANDHIPURAM,43,9250,COLLEGE TO BELUKURICHI,10
273,MAGALIPATTI,56,10500,COLLEGE TO MANAPARAI,7
274,MAHA DEVI,50,9750,COLLEGE TO KARUGUDI,32
275,MAHADHANAPURAM,25,7500,     COLLEGE TO MAHADHANAPURAM,42
276,MAHARISHI NAGAR,34,8250,COLLEGE TO KONDICHETTIPATTI,31
277,MAILADI ,25,7500,COLLEGE TO IRUMPOOTHIPATTI,34
278,MAJITH (NAMAKKAL),29,7750,COLLEGE TO THIRUMALAI PATTI,14
279,MALAI VEPPANKUTTAI,51,10250,COLLEGE TO BELUKURICHI,10
280,MALAR HOSPITAL,30,7750,COLLEGE TO MOHANUR,38
281,MALLUMASI PATTI,28,7750,COLLEGE TO THOPUR,37
282,MANAMEDU,11,5500,COLLEGE TO KARUGUDI,32
283,MANAPALAYAM,43,9250,COLLEGE TO SOUTH SITHAMPUR,22
284,MANAPALLI,35,8250,COLLEGE TO PALAPATTI,24
285,MANAPPARAI,62,10750,COLLEGE TO MANAPARAI,7
286,MANATHATTAI,20,6500,COLLEGE TO LALAPET,41
287,MANCHAMEDU,22,7500,COLLEGE TO SRIRAMASAMUTHIRAM,43
288,MANDURAI,60,10500,COLLEGE TO ANBIL,2
289,MANGARAPETTAI,24,7500,COLLEGE TO THIRUPPANJEELI,17
290,MANIKKAM PALAYAM,52,10250,COLLEGE TO KANDHAMPALAYAM,4
291,MANIYANUR,67,11000,COLLEGE TO KANDHAMPALAYAM,4
292,MANJAKORAI,37,8750,COLLEGE TO THIRUPPANJEELI,17
293,MANNACHANALLUR,57,10500,COLLEGE TO MANACHANALLUR,9
294,MARURPATTI,37,8750,COLLEGE TO THIRUMALAI PATTI,14
295,MARUTHA KALAI AMMAN KOVIL,6,4500,COLLEGE TO ARANGOOR,50
296,MARUTHAMPATTI,17,6500,"COLLEGE TO MELUR, KIDARAM",39
297,MARUTHUR,28,7750,COLLEGE TO INUNGUR,26
298,MATHIPATTI,31,8250,COLLEGE TO PANJAPPATTI,29
299,MAVALIPATTI,35,8250,COLLEGE TO ARAICHI,20
300,MAVALIPATTI (41),21,7500,COLLEGE TO SRIRAMASAMUTHIRAM,43
301,MAYANUR,16,6500,COLLEGE to KARUR,25
302,MAYANUR BUS STAND,17,6500,COLLEGE to KARUR,25
303,MAYILADUM PARAI,31,8250,COLLEGE TO NACHALUR,19
304,MEAL PARALI,23,7500,COLLEGE TO KONDICHETTIPATTI,31
305,MEDU MAHADHANAPURAM,26,7750,     COLLEGE TO MAHADHANAPURAM,42
306,MEL NANGAVARAM,40,8750,COLLEGE TO ETTARAI,15
307,MELA  KARAKADU,8,4500,COLLEGE TO KATTUPUTHUR,40
308,MELA KOTTAM,24,7500,COLLEGE TO VALASIRAMANI,23
309,MELA VELLOOR,27,7750,COLLEGE TO THIRUPPANJEELI,17
310,MELAGURAPALAYAM,22,7500,COLLEGE TO LALAPET,41
311,MELAPPATTI,49,9750,COLLEGE TO ETTARAI,15
312,MELAVALADI,58,10500,COLLEGE TO ANBIL,2
313,MELUR,37,8750,COLLEGE TO VALASIRAMANI,23
314,MELUR,27,7750,"COLLEGE TO MELUR, KIDARAM",39
315,METTU MARUTHUR  4 ROAD,27,7750,COLLEGE TO NACHALUR,19
316,METTUPALAYAM,46,9750,COLLEGE TO METTUPALAYAM,16
317,METTUPATTI,28,7750,COLLEGE TO PANJAPPATTI,29
318,METTUPATTI,22,7500,COLLEGE TO KARUGUDI,32
319,METTUPATTI (21),45,9250,COLLEGE TO THOGAIMALAI,21
320,MEYYAMPATTI,57,10500,COLLEGE TO PACHAPERUMALPATTI,6
321,MINNAMPALLI,45,9250,COLLEGE TO THIRUMALAI PATTI,14
322,MOHANUR,28,7750,COLLEGE TO MOHANUR,38
323,MOHANUR BUS STAND,31,8250,COLLEGE TO PALAPATTI,24
324,MOHANUR G.H,30,7750,COLLEGE TO PALAPATTI,24
325,MOHANUR HIGH SCHOOL,29,7750,COLLEGE TO PALAPATTI,24
326,MOHANUR KADAI VEETHI,27,7750,COLLEGE TO MOHANUR,38
327,MOONKILTHURAI,12,5500,COLLEGE TO KATTUPUTHUR,40
328,MUDALAIPATTI,37,8750,COLLEGE TO RASIPURAM,5
329,MUDALAIPATTI BYEPASS,38,8750,COLLEGE TO RASIPURAM,5
330,MULLIPADI,17,6500,                   COLLEGE TO KOLAKUDI,48
331,MUNIYANDIPALAYAM,58,10500,COLLEGE TO  PANDAMANGALAM,8
332,MURUGAN KOVIL,35,8250,COLLEGE TO RASIPURAM,5
333,MURUGAN KOVIL MEDU,13,5500,COLLEGE TO PALAYAPALAYAM,30
334,MURUGU VINAYAGAR STREET,21,7500,COLLEGE TO SOUTH SITHAMPUR,22
335,MURUNGAI,16,6500,"COLLEGE TO MELUR, KIDARAM",39
336,MURUNGAPETTAI,50,9750,COLLEGE TO BHEL,1
337,MUSAL NAIKKANPALAYAM,70,11000,COLLEGE TO KANDHAMPALAYAM,4
338,MUSIRI KAIKATTI,20,6500,COLLEGE TO SOUTH SITHAMPUR,22
339,MUSIRI PALAM,17,6500,COLLEGE TO KARUGUDI,32
340,MUSIRI ROUNDANA,19,6500,COLLEGE TO 4 TH MAIL,33
341,MUSIRI TALUK OFFICE,20,6500,COLLEGE TO MANACHANALLUR,9
342,MUTHAMIL NAGAR,54,10250,COLLEGE TO ANBIL,2
343,MUTHAMPATTI,23,7500,COLLEGE TO KARUGUDI,32
344,MUTHARASANALLUR,49,9750,COLLEGE TO SOMARASAMPETTAI,3
345,MUTHUGAPATTI,37,8750,COLLEGE TO CINNAKARAVALLI,12
346,MUTHUR,37,8750,COLLEGE TO PALAPATTI,24
347,MUTTANCHETTI,17,6500,COLLEGE TO VELAMPATTI,35
348,NACHALUR,49,9750,COLLEGE TO NACHALUR,19
349,NACHAMPATTI,31,8250,COLLEGE TO SOUTH SITHAMPUR,22
350,NACHIPUTHUR,50,9750,COLLEGE TO KARAVALLI,11
351,NADAKKAPATTI,49,9750,COLLEGE TO MANAPARAI,7
352,NADARCOLONY,33,8250,COLLEGE TO METTUPALAYAM,16
353,NADUKOMBAI,54,10250,COLLEGE TO KARAVALLI,11
354,NADUPATTI,30,7750,COLLEGE TO NACHALUR,19
355,NADUPATTI (Onthampatti),46,9750,COLLEGE TO NACHALUR,19
356,NAGAINALLUR,14,5500,COLLEGE TO SRIRAMASAMUTHIRAM,43
357,NAGARAJAPURAM,24,7500,              COLLEGE TO S.P.PUTHUR,36
358,NALLAIYAN PUTHUR,32,8250,COLLEGE TO KONDICHETTIPATTI,31
359,NALLAKUMARANPALAYAM,57,10500,COLLEGE TO KANDHAMPALAYAM,4
360,NALLAYAM PATTI,26,7750,COLLEGE TO THOPUR,37
361,NALLIPALAYAM,32,8250,COLLEGE TO KANDHAMPALAYAM,4
362,NALLUR & KING COLLEGE,21,7500,              COLLEGE TO S.P.PUTHUR,36
363,NAMAKKAL,29,7750,COLLEGE TO CINNAKARAVALLI,12
364,NANJUNDAPURAM,45,9250,COLLEGE TO KARAVALLI,11
365,NARASIMMAN KADU,53,10250,COLLEGE TO BELUKURICHI,10
366,NATHAM,13,5500,COLLEGE TO KATTUPUTHUR,40
367,NAVALADIPATTI,28,7750,COLLEGE TO VELAMPATTI,35
368,NAVALADIYAN KOVIL,27,7750,COLLEGE TO MOHANUR,38
369,NAVAMARAM,35,8250,COLLEGE TO KURUVAMPATTI,13
370,NEELAYAMPATTY RICE MILL,38,8750,COLLEGE TO VALASIRAMANI,23
371,NEELIYAMPATTY MARIAMMAN KOVIL,29,7750,COLLEGE TO VALASIRAMANI,23
372,NEIKKARANPATTI,29,7750,COLLEGE TO THOPUR,37
373,NEIVELI,37,8750,COLLEGE TO KURUVAMPATTI,13
374,NERKUPAI,53,10250,COLLEGE TO MANACHANALLUR,9
375,NEW BUS STAND,20,6500,      COLLEGE TO MUSIRI NEW BUSSTAND,44
376,NINAMALAI,43,9250,COLLEGE TO THIRUMALAI PATTI,14
377,NOCHIYAM,52,10250,COLLEGE TO MANACHANALLUR,9
378,NORTH MAILADI,25,7500,COLLEGE TO IRUMPOOTHIPATTI,34
379,NORTH SITHABUR,42,9250,COLLEGE TO KURUVAMPATTI,13
380,OIL MILL,71,11250,COLLEGE TO BHEL,1
381,OLD BUS STAND MUSIRI,18,6500,COLLEGE TO KURUVAMPATTI,13
382,OLD RTO OFFICE,34,8250,COLLEGE TO RASIPURAM,5
383,OLD RTO OFFICE,46,9750,"COLLEGE TO KANNANUR,THURAIYUR",28
384,ONTHANPATTI,44,9250,COLLEGE TO NACHALUR,19
385,OODAPALAYAM PIRIVU,28,7750,COLLEGE TO PALAPATTI,24
386,OONANGAL PATTI,23,7500,COLLEGE TO THOPUR,37
387,OORAKKARAI,46,9750,COLLEGE TO KARUGUDI,32
388,ORAKADAI   GANDHIPURAM,42,9250,COLLEGE TO BELUKURICHI,10
389,ORUVANTHUR ,23,7500,COLLEGE TO MOHANUR,38
390,ORUVANTHUR PUTHUR,22,7500,COLLEGE TO MOHANUR,38
391,OTHAIUR,21,7500,COLLEGE TO KONDICHETTIPATTI,31
392,OTHAKADAI,36,8750,COLLEGE TO THOGAIMALAI,21
393,P.G.P COLLEGE ROAD,43,9250,COLLEGE TO  PANDAMANGALAM,8
394,PACHAI PERUMAL PATTI,64,10750,COLLEGE TO PACHAPERUMALPATTI,6
395,PADAMUDIPALAYAM,50,9750,COLLEGE TO  PANDAMANGALAM,8
396,PAITHAMPARAI,36,8750,COLLEGE TO ARAICHI,20
397,PAITHAMPARI PRIVU ROAD,34,8250,COLLEGE TO METTUPALAYAM,16
398,PALAKKARAI,49,9750,COLLEGE TO THURAIYUR,18
399,PALAPATTI,44,9250,COLLEGE TO PALAPATTI,24
400,PALAYAM PIRIVU,37,8750,"COLLEGE TO KANNANUR,THURAIYUR",28
401,PALAYAPALAYAM,36,8750,COLLEGE TO PALAYAPALAYAM,30
402,PALLIPALAYAM,25,7500,COLLEGE TO SRIRAMASAMUTHIRAM,43
403,PALLIPALAYAM PIRIVU ROAD,23,7500,COLLEGE TO SRIRAMASAMUTHIRAM,43
404,PALPANNAI,68,11000,COLLEGE TO BHEL,1
405,PANAMARATHU PATTI,7,4500,COLLEGE TO PAPPAPATTI,47
406,PANDAMANGALAM,59,10500,COLLEGE TO  PANDAMANGALAM,8
407,PANDIYARU,53,10250,COLLEGE TO KARAVALLI,11
408,PANJAPATTI,46,9750,COLLEGE TO PANJAPPATTI,29
409,PANNAI SALAI,15,5500,   COLLEGE TO KODANGIPATTI,46
410,PANNIKAMPATTI,32,8250,COLLEGE TO NACHALUR,19
411,PAPPAPATTI,21,7500,COLLEGE TO PAPPAPATTI,47
412,PARALI 4 ROAD,24,7500,COLLEGE TO NACHALUR,19
413,PARALI PIRIVU ROAD,28,7750,COLLEGE TO KONDICHETTIPATTI,31
414,PARAMATHI,47,9750,COLLEGE TO  PANDAMANGALAM,8
415,PASUPATHIPALAYAM PRIVU ROAD,34,8250,COLLEGE to KARUR,25
416,PATTARAI MEDU,31,8250,COLLEGE TO SEVEYAMPALAYAM,27
417,PATTATHAIYAN KUTTAI,44,9250,COLLEGE TO KARAVALLI,11
418,PATTAVARTHI,26,7750,COLLEGE TO INUNGUR,26
419,PAVITHIRAM,26,7750,COLLEGE TO VELAMPATTI,35
420,"PERAMBUR,EVOOR",29,7750,COLLEGE TO THIRUPPANJEELI,17
421,PERIYA KODUNDURAI,37,8750,COLLEGE TO SOUTH SITHAMPUR,22
422,PERIYANACHIPATTI,7,4500,COLLEGE to KARUR,25
423,PERIYAR NAGAR,24,7500,COLLEGE TO INUNGUR,26
424,PERIYAVEPPANAM,24,7500,              COLLEGE TO S.P.PUTHUR,36
425,PERUGAMANI,36,8750,COLLEGE TO BHEL,1
426,PERUMA KOVIL MEDU,48,9750,COLLEGE TO RASIPURAM,5
427,PERUMAPATTI,35,8250,COLLEGE TO SEVEYAMPALAYAM,27
428,PETTAPALAYAM,32,8250,COLLEGE TO PALAPATTI,24
429,PETTAVAITHALAI BUNK,31,8250,COLLEGE TO SOMARASAMPETTAI,3
430,PETTAVAITHALAI BUS STAND,31,8250,COLLEGE TO ETTARAI,15
431,PICHANDAVAR KOVIL,52,10250,COLLEGE TO ANBIL,2
432,PIDARAMANGALAM,14,5500,"COLLEGE TO MELUR, KIDARAM",39
433,PILLAYAR KOVIL,11,5500,COLLEGE TO THOPUR,37
434,POIGAIPUTHUR (41),24,7500,     COLLEGE TO MAHADHANAPURAM,42
435,PONNANKANIPATTI,34,8250,COLLEGE TO KURUVAMPATTI,13
436,PONNERI,24,7500,COLLEGE TO PALAYAPALAYAM,30
437,PONNERI PERIYASAMY KOVIL,25,7500,COLLEGE TO PALAYAPALAYAM,30
438,PONNERI PIRIVU,20,6500,COLLEGE TO PALAYAPALAYAM,30
439,PONNUSANGAMPATTI,36,8750,"COLLEGE TO KANNANUR,THURAIYUR",28
440,POOLANCHERI,26,7750,COLLEGE TO VALASIRAMANI,23
441,POONGA,20,6500,      COLLEGE TO MUSIRI NEW BUSSTAND,44
442,POOSARIPATTI,39,8750,COLLEGE TO KURUVAMPATTI,13
443,PORASAPALAYAM,37,8750,COLLEGE TO KANDHAMPALAYAM,4
444,POTHUPATTI COLONY,31,8250,COLLEGE TO  PANDAMANGALAM,8
445,POTTANAM,41,9250,COLLEGE TO THIRUMALAI PATTI,14
446,POTTHANUR,55,10250,COLLEGE TO  PANDAMANGALAM,8
447,POTTI REDDI PATTI ,22,7500,COLLEGE TO PALAYAPALAYAM,30
448,POTTI REDDI PATTI PIRIVU,21,7500,COLLEGE TO PALAYAPALAYAM,30
449,POYYAMANI,35,8250,COLLEGE TO ETTARAI,15
450,PSK BUNK,36,8750,COLLEGE TO RASIPURAM,5
451,PSK MILL,20,6500,   COLLEGE TO ERUMAPATTI,45
452,PUDHUCHATRAM,52,10250,COLLEGE TO RASIPURAM,5
453,PUDUKKOTTAI,28,7750,COLLEGE TO PALAYAPALAYAM,30
454,PUDUKKOTTAI PIRIVU,31,8250,COLLEGE TO PALAYAPALAYAM,30
455,PUDUPATTI,19,6500,              COLLEGE TO S.P.PUTHUR,36
456,PUDUPATTI HIGH SCHOOL,18,6500,              COLLEGE TO S.P.PUTHUR,36
457,PULAVAR PALAYAM,36,8750,COLLEGE TO  PANDAMANGALAM,8
458,PULIYUR,29,7750,COLLEGE to KARUR,25
459,PULLA GOUNDAMPATTI,53,10250,COLLEGE TO KANDHAMPALAYAM,4
460,PUTHAN SANDHAI,44,9250,COLLEGE TO RASIPURAM,5
461,PUTHU KOMBAI,38,8750,COLLEGE TO PALAYAPALAYAM,30
462,PUTHUKOTTAI,24,7500,COLLEGE to KARUR,25
463,PUTHUPALAYAM,22,7500,"COLLEGE TO MELUR, KIDARAM",39
464,PUTHUR 4 ROAD,60,10500,COLLEGE TO SOMARASAMPETTAI,3
465,R.P.PUDUR,32,8250,COLLEGE TO THIRUMALAI PATTI,14
466,R.P.PUTHUR,46,9750,COLLEGE TO CINNAKARAVALLI,12
467,RAJENDRAM,27,7750,COLLEGE TO INUNGUR,26
468,RAKKIYAM PALAYAM,40,8750,COLLEGE TO SEVEYAMPALAYAM,27
469,RAMESH THEATRE,29,7750,COLLEGE TO KARAVALLI,11
470,RASI SCHOOL,68,11000,COLLEGE TO RASIPURAM,5
471,RASIPURAM EB OFFICE,61,10750,COLLEGE TO RASIPURAM,5
472,RASIPURAM NEW BUS STAND,65,10750,COLLEGE TO RASIPURAM,5
473,RASIPURAM OLD BUS STAND,63,10750,COLLEGE TO RASIPURAM,5
474,REDDIPATTI,34,8250,COLLEGE TO SEVEYAMPALAYAM,27
475,REDDIYAPATTI,59,10500,COLLEGE TO PACHAPERUMALPATTI,6
476,RETTA VAIKAL,68,11000,COLLEGE TO SOMARASAMPETTAI,3
477,RETTA VAIKAL,22,7500,COLLEGE TO PANJAPPATTI,29
478,RETTAIYAM PATTI,17,6500,COLLEGE TO THOPUR,37
479,RETTAKKAL MANDABAM,51,10250,COLLEGE TO ANBIL,2
480,S P PUTHUR,27,7750,              COLLEGE TO S.P.PUTHUR,36
481,S.B.MAHAL,19,6500,COLLEGE TO KARUGUDI,32
482,S.K.NAGAR,27,7750,              COLLEGE TO S.P.PUTHUR,36
483,SAKKADINATHAM,33,8250,COLLEGE TO VALASIRAMANI,23
484,SAKKAM PATTI (20),45,9250,COLLEGE TO ARAICHI,20
485,SALA PALAYAM,39,8750,COLLEGE TO SEVEYAMPALAYAM,27
486,SALEMROAD (NAMAKKAL),31,8250,COLLEGE TO RASIPURAM,5
487,SANDAPALAYAM,18,6500,COLLEGE TO KARUGUDI,32
488,SARAVANAPURAM,37,8750,COLLEGE TO PANJAPPATTI,29
489,SATHIYA MANGALAM,27,7750,COLLEGE TO IRUMPOOTHIPATTI,34
490,SEELAIKOVIL MEDU,25,7500,COLLEGE TO THIRUPPANJEELI,17
491,SEENIVASAN NAGAR,65,10750,COLLEGE TO SOMARASAMPETTAI,3
492,SEETHAPATTI PALAM,12,5500,"COLLEGE TO MELUR, KIDARAM",39
493,SEEVAMPATTI,23,7500,COLLEGE TO SOUTH SITHAMPUR,22
494,SEGODAMPALAYAM,38,8750,COLLEGE TO KANDHAMPALAYAM,4
495,SELLAMMAL SCHOOL,22,7500,COLLEGE TO 4 TH MAIL,33
496,SELLAPPA COLONY,32,8250,COLLEGE TO CINNAKARAVALLI,12
497,SELLAPPAMPATTI,43,9250,COLLEGE TO RASIPURAM,5
498,SELLIPALAYAM,21,7500,COLLEGE TO VELAMPATTI,35
499,SELLIPALAYAM ,36,8750,COLLEGE TO THIRUMALAI PATTI,14
500,SELLIPALAYAM (38),25,7500,COLLEGE TO MOHANUR,38
501,SELLIYAYIPALAYAM ,51,10250,COLLEGE TO THIRUMALAI PATTI,14
502,SELUVAM PATTI,40,8750,COLLEGE TO KANDHAMPALAYAM,4
503,SENDHAMANGALAM,42,9250,COLLEGE TO CINNAKARAVALLI,12
504,SERUKKALAI PIRIVU ROAD,61,10750,COLLEGE TO KANDHAMPALAYAM,4
505,SERUKUDI,18,6500,COLLEGE TO PAPPAPATTI,47
506,SEVANTHAMPALAYAM,22,7500,COLLEGE TO THOPUR,37
507,SEVANTHILINGAPURAM,26,7750,COLLEGE TO MANACHANALLUR,9
508,SEVEYAMPALAYAM,42,9250,COLLEGE TO SEVEYAMPALAYAM,27
509,SEVINTHI PATTI,6,4500,COLLEGE TO PAPPAPATTI,47
510,SEVITTIRENGANPATTI PIRIVU,25,7500,COLLEGE TO PALAPATTI,24
511,SHANTHI SCHOOL,20,6500,COLLEGE TO KARUGUDI,32
512,SHIVANI SCHOOL,49,9750,COLLEGE TO ARAICHI,20
513,SILAYATHI,44,9250,COLLEGE TO MANACHANALLUR,9
514,SIPLAPUTHUR,14,5500,COLLEGE to KARUR,25
515,SIRUGAMANI,35,8250,COLLEGE TO BHEL,1
516,SIRUGAMANI AGRAHARAM,34,8250,COLLEGE TO BHEL,1
517,SIRUGAMBUR,43,9250,COLLEGE TO THIRUPPANJEELI,17
518,SITHUR,8,4500,COLLEGE TO ARANGOOR,50
519,SITLARAI,26,7750,COLLEGE TO ARAICHI,20
520,SIVAN KOVIL,56,10500,COLLEGE TO MANACHANALLUR,9
521,SIVANAICKAM PATTI PIRIVU,35,8250,COLLEGE TO PALAYAPALAYAM,30
522,SOKKAMADAI,9,4500,                   COLLEGE TO KOLAKUDI,48
523,SOLAMPATTI,26,7750,COLLEGE TO ARAICHI,20
524,SOLANGANALLUR,47,9750,COLLEGE TO THIRUPPANJEELI,17
525,SOLAVANTHAN THOPPU,32,8250,COLLEGE TO SOMARASAMPETTAI,3
526,SOMARASAMPETTAI,70,11000,COLLEGE TO SOMARASAMPETTAI,3
527,SORIYAMPATTI,24,7500,COLLEGE TO 4 TH MAIL,33
528,SOTTACOLOUR (KONGUNAGAR),21,7500,COLLEGE TO MOHANUR,38
529,SOUTH SITHAMBUR,47,9750,COLLEGE TO SOUTH SITHAMPUR,22
530,SOWDAMBIKA SCHOOL,50,9750,COLLEGE TO THURAIYUR,18
531,SRINIVASANALLUR,9,4500,COLLEGE TO KARUGUDI,32
532,SRIRAMASAMUTHIRAM,27,7750,COLLEGE TO SRIRAMASAMUTHIRAM,43
533,SRIRENGAM,59,10500,COLLEGE TO BHEL,1
534,SUBRAMANIYAM COLLEGE(HALT),31,8250,COLLEGE TO MOHANUR,38
535,SUGARMILL,32,8250,COLLEGE TO PALAPATTI,24
536,SUKKAM PATTI,20,6500,COLLEGE TO PALAPATTI,24
537,SUKKAM PATTI MEDU,21,7500,COLLEGE TO PALAPATTI,24
538,SUKKAMPATTI,43,9250,COLLEGE TO INUNGUR,26
539,SULLIPPALAYAM,23,7500,COLLEGE TO KATTUPUTHUR,40
540,SUNGA GATE,19,6500,COLLEGE TO LALAPET,41
541,SUNGAGATE,18,6500,COLLEGE TO PANJAPPATTI,29
542,SUNGAM,35,8250,COLLEGE to KARUR,25
543,SURAKKAPATTI,42,9250,COLLEGE TO PANJAPPATTI,29
544,SURAMPATTI,17,6500,COLLEGE TO PAPPAPATTI,47
545,SURAMPATTI ,25,7500,"COLLEGE TO MELUR, KIDARAM",39
546,SURUTTAPALYAM,12,5500,COLLEGE TO KATTUPUTHUR,40
547,SUTTAPARAI MEDU,46,9750,COLLEGE TO KARAVALLI,11
548,T.PET BUS STAND,43,9250,COLLEGE TO KARUGUDI,32
549,T.PET BYEPASS,45,9250,COLLEGE TO KARUGUDI,32
550,T.PET KADAI VEETHI,42,9250,COLLEGE TO KARUGUDI,32
551,T.V.KOVIL,60,10500,COLLEGE TO BHEL,1
552,TEACHERS COLONY,37,8750,COLLEGE TO KONDICHETTIPATTI,31
553,THALAGUDI,55,10250,COLLEGE TO ANBIL,2
554,THALAKKARAI,62,10750,COLLEGE TO KANDHAMPALAYAM,4
555,THALAMALAI 4 ROAD,32,8250,COLLEGE TO VALASIRAMANI,23
556,THALIYAMPATTI,24,7500,COLLEGE TO PANJAPPATTI,29
557,THANDALAI PUTHUR,33,8250,COLLEGE TO KURUVAMPATTI,13
558,THANDAM PATTI,43,9250,COLLEGE TO ARAICHI,20
559,THANNEER PALLI,25,7500,COLLEGE TO INUNGUR,26
560,THATHAGIRI MURUGAN KOVIL,41,9250,COLLEGE TO CINNAKARAVALLI,12
561,THATHAIYANGAR PATTI,50,9750,COLLEGE TO RASIPURAM,5
562,THATHAM PATTI,25,7500,COLLEGE TO ARAICHI,20
563,THATHAMPATTI,34,8250,COLLEGE TO KARAVALLI,11
564,THATHAMPATTI,45,9250,COLLEGE TO PANJAPPATTI,29
565,THAVITTU PALAYAM,21,7500,COLLEGE TO KATTUPUTHUR,40
566,THELUNGUPATTI,50,9750,COLLEGE TO MANAPARAI,7
567,THERPULIYAMARAM,51,10250,COLLEGE TO KARAVALLI,11
568,THILLAI NAGAR ,58,10500,COLLEGE TO SOMARASAMPETTAI,3
569,THIMACHIPURAM,23,7500,COLLEGE TO LALAPET,41
570,THINNA KONAM,33,8250,COLLEGE TO SOUTH SITHAMPUR,22
571,THIRUCHAPUR,33,8250,COLLEGE TO ETTARAI,15
572,THIRUEINGOIMALAI MALAIPATHAI,16,6500,COLLEGE TO IRUMPOOTHIPATTI,34
573,THIRUEINGOIMALAI OORPATHAI,16,6500,COLLEGE TO IRUMPOOTHIPATTI,34
574,THIRUMALAI PATTI PIRIVU,49,9750,COLLEGE TO BELUKURICHI,10
575,THIRUMALAIPTTI,54,10250,COLLEGE TO THIRUMALAI PATTI,14
576,THIRUMANALLYUR,37,8750,COLLEGE to KARUR,25
577,THIRUMANUR,48,9750,COLLEGE TO PACHAPERUMALPATTI,6
578,THIRUPARAITHURAI,39,8750,COLLEGE TO BHEL,1
579,THIRUPPANJEELI,52,10250,COLLEGE TO THIRUPPANJEELI,17
580,THIRUVARAMBUR,76,11500,COLLEGE TO BHEL,1
581,THOGAMALAI,49,9750,COLLEGE TO THOGAIMALAI,21
582,THOLURPATTI,3,3500,COLLEGE TO PAPPAPATTI,47
583,THOPPUR,31,8250,COLLEGE TO THOPUR,37
584,THOTTIYAM BUS STAND,6,4500,COLLEGE TO THIRUPPANJEELI,17
585,THOTTIYAM BUS STAND,6,4500,COLLEGE TO LALAPET,41
586,THOTTIYAM POLICE STATION,5,3500,              COLLEGE TO KOSAVAMPATTI,49
587,THOTTIYAM UNION OFFICE,4,3500,COLLEGE TO IRUMPOOTHIPATTI,34
588,THRUKAMPULIYUR,19,6500,     COLLEGE TO MAHADHANAPURAM,42
589,THRUVASI,49,9750,COLLEGE TO ANBIL,2
590,THUDAIYUR,46,9750,COLLEGE TO MANACHANALLUR,9
591,THUMBALAM,27,7750,COLLEGE TO ARAICHI,20
592,THURAIYUR BUS STAND,48,9750,COLLEGE TO THURAIYUR,18
593,THURAIYUR BYPASS BUNK HALT,49,9750,"COLLEGE TO KANNANUR,THURAIYUR",28
594,THURAIYUR ROAD,29,7750,COLLEGE TO SEVEYAMPALAYAM,27
595,THURAIYUR ROUNDANA,47,9750,"COLLEGE TO KANNANUR,THURAIYUR",28
596,THUSUR,36,8750,COLLEGE TO SEVEYAMPALAYAM,27
597,THUTHIKKULAM,45,9250,COLLEGE TO BELUKURICHI,10
598,TOLL PLAZA (MANAVASI),20,6500,COLLEGE to KARUR,25
599,TOLLGATE,54,10250,COLLEGE TO ANBIL,2
600,TOLLPLAZA,37,8750,COLLEGE TO  PANDAMANGALAM,8
601,T-PET,39,8750,COLLEGE TO KARUGUDI,32
602,TRICHY COURT,63,10750,COLLEGE TO SOMARASAMPETTAI,3
603,TRICHY G.H,61,10750,COLLEGE TO SOMARASAMPETTAI,3
604,"UDAYALAM PUTHUR,PIRIVU",3,3500,COLLEGE TO PALAYAPALAYAM,30
605,UMAYALPURAM,23,7500,COLLEGE TO ANBIL,2
606,UNION OFFICE,21,7500,COLLEGE TO PANJAPPATTI,29
607,UNNIUR,19,6500,COLLEGE TO MOHANUR,38
608,UYYAKONDAN THIRUMALAI,67,11000,COLLEGE TO SOMARASAMPETTAI,3
609,V.O.C. NAGAR,48,9750,COLLEGE TO NACHALUR,19
610,VADAKKIPATTI,43,9250,COLLEGE TO PACHAPERUMALPATTI,6
611,VADAKKIPATTI,54,10250,COLLEGE TO PACHAPERUMALPATTI,6
612,VADAVATHUR,12,5500,COLLEGE TO PALAYAPALAYAM,30
613,VADUGA PATTI,39,8750,COLLEGE TO CINNAKARAVALLI,12
614,VADUGAPATTI,17,6500,   COLLEGE TO KODANGIPATTI,46
615,VADUGAPATTI   (MUSIRI),22,7500,COLLEGE TO SOUTH SITHAMPUR,22
616,VADUGAPATTI (Mohanur),20,6500,COLLEGE TO MOHANUR,38
617,VAGURAM PATTI PRIVU,35,8250,COLLEGE TO KONDICHETTIPATTI,31
618,VAI PUTHUR,26,7750,COLLEGE TO IRUMPOOTHIPATTI,34
619,VAIKKAL PALAM,26,7750,COLLEGE TO IRUMPOOTHIPATTI,34
620,VALAIEDUPPU,39,8750,COLLEGE TO ARAICHI,20
621,VALAVANTHI,39,8750,COLLEGE TO PALAPATTI,24
622,VALAYAPATTI,15,5500,COLLEGE TO THOPUR,37
623,VALAYAPATTI HIGH SCHOOL,17,6500,COLLEGE TO PALAPATTI,24
624,VALAYAPATTI PRIVU,16,6500,COLLEGE TO THOPUR,37
625,VALAYAPATTI UNION (19),34,8250,COLLEGE TO NACHALUR,19
626,VALLIPURAM,33,8250,COLLEGE TO  PANDAMANGALAM,8
627,VALLUVAR NAGAR,16,6500,COLLEGE TO VELAMPATTI,35
628,VALMALPALAYAM KEAL,50,9750,COLLEGE TO THIRUPPANJEELI,17
629,VALMALPALAYAM MEAL,49,9750,COLLEGE TO THIRUPPANJEELI,17
630,VALVELPUTHUR,11,5500,COLLEGE TO THOPUR,37
631,VANDIGATE,33,8250,COLLEGE TO PALAPATTI,24
632,VARAGUR,35,8250,COLLEGE TO PANJAPPATTI,29
633,VARAGUR,24,7500,COLLEGE TO VELAMPATTI,35
634,VARATHARAJAPURAM,6,4500,COLLEGE TO MANACHANALLUR,9
635,VARIKAL PALAYAM,9,4500,COLLEGE TO PALAYAPALAYAM,30
636,VARIKARAI,44,9250,COLLEGE TO ETTARAI,15
637,VATHALAI ,40,8750,COLLEGE TO THIRUPPANJEELI,17
638,VATHIYAM,22,7500,COLLEGE TO LALAPET,41
639,VAYALUR,39,8750,COLLEGE TO PANJAPPATTI,29
640,VAZHASIRAMANI,45,9250,COLLEGE TO VALASIRAMANI,23
641,VAZHAVANTHI,29,7750,"COLLEGE TO KANNANUR,THURAIYUR",28
642,VEERAMANI PATTI,34,8250,COLLEGE TO SOUTH SITHAMPUR,22
643,VELAKKANATHAM,29,7750,COLLEGE TO KURUVAMPATTI,13
644,VELAKKANATHAM,29,7750,COLLEGE TO SOUTH SITHAMPUR,22
645,VELAMPATTI,31,8250,COLLEGE TO VELAMPATTI,35
646,VELLAGOUNDAMPATTI,44,9250,COLLEGE TO KANDHAMPALAYAM,4
647,VELLALAPALAYAM,49,9750,COLLEGE TO  PANDAMANGALAM,8
648,VELLALAR MILL,30,7750,COLLEGE TO KANDHAMPALAYAM,4
649,VELLAPPARAI,38,8750,COLLEGE TO KURUVAMPATTI,13
650,VELUR,53,10250,COLLEGE TO  PANDAMANGALAM,8
651,VELUR 4 ROAD,54,10250,COLLEGE TO  PANDAMANGALAM,8
652,VENGAMEDU,42,9250,COLLEGE to KARUR,25
653,VENGAMPATTI,25,7500,COLLEGE TO PANJAPPATTI,29
654,VENGANAM (43),23,7500,COLLEGE TO SRIRAMASAMUTHIRAM,43
655,VENTANKI,51,10250,COLLEGE TO CINNAKARAVALLI,12
656,VERTINERY COLLEGE PAPER MILL,31,8250,COLLEGE TO KONDICHETTIPATTI,31
657,VETTAMBADI,33,8250,COLLEGE TO KARAVALLI,11
658,VETTUKADU,50,9750,COLLEGE TO BELUKURICHI,10
659,VIRARAKKIYAM,26,7750,COLLEGE to KARUR,25
660,VITTAMA NAICKAN PATTI,34,8250,COLLEGE TO THIRUMALAI PATTI,14
,,,,,
,,,,,
,,,,,
,,,,,
,,,,,
,,,,,
,,,, ,
